Company Name,DUNS Number,Address: line1,Address: line2,City,State/Province,State/Province ISO code,Country,Annual Sales,Industry,SIC Code,Website,Contact Job Title,Gender,Personal Linkedin Link,Contact First Name,Contact Last Name,No of PCs,No of Servers,No of Colur Printers,Major Network Brand,No of Laser Printers
3Com Corp,70-410-7302,5,91538 Del Sol Trail,Bakersfield,Georgia,GA,United States,1349638482,IT Supplier,36046929,g.co,Director - ITS,Female,www.linkedin.com/Delly,Delly,OWENS,408,60,100,Rowe-Bernier,10
3M Company,70-410-7303,5,91538 Del Sol Trail,Bakersfield,Idaho,ID,United States,9287123772,Utilities & Waste Management,36046930,g.co,Country Manager - India,Male,www.linkedin.com/Hagan,Hagan,WELCH,624,30,118,,17
A.G. Edwards Inc.,70-410-7304,5,91538 Del Sol Trail,Bakersfield,Kentucky,KY,United States,5035727909,Finance & Insurance,36046931,g.co,Divisional Manager - IT,Female,www.linkedin.com/Tabbie,Tabbie,MAY,579,44,57,,18
Abbott Laboratories,70-410-7305,5,91538 Del Sol Trail,Bakersfield,Kentucky,KY,United States,6550436353,"Arts, Entertainment & Recreation",36046932,g.co,Head - Retail & Sme Banking,Male,www.linkedin.com/Poul,Poul,HENRY,506,49,140,,16
Abercrombie & Fitch Co.,70-410-7306,5,91538 Del Sol Trail,Bakersfield,Wyoming,WY,United States,4525273091,Telecommunications,36046933,g.co,Head - R & D,Male,www.linkedin.com/Eddie,Eddie,HARRIS,728,69,38,,15
ABM Industries Incorporated,70-410-7307,5,91538 Del Sol Trail,Bakersfield,New York,NY,United States,4745240026,Accommodation & Food Services,36046934,g.co,Engineer - Support,Female,www.linkedin.com/Charlena,Charlena,MARSHALL,437,60,49,,5
Ace Hardware Corporation,70-410-7308,5,91538 Del Sol Trail,Bakersfield,Georgia,GA,United States,2817566479,Personal & Other Services,36046935,g.co,"Assistant Vice President & Head Process, Quality & IT",Male,www.linkedin.com/Judas,Judas,JONES,314,53,72,,7
ACT Manufacturing Inc.,70-410-7309,5,91538 Del Sol Trail,Bakersfield,Kansas,KS,United States,1131013831,Utilities & Waste Management,36046936,g.co,Head - IT Infrastructure,Male,www.linkedin.com/Oliver,Oliver,WATTS,527,42,120,,16
Acterna Corp.,70-410-7310,5,91538 Del Sol Trail,Bakersfield,Minnesota,MN,United States,8687764261,"Arts, Entertainment & Recreation",36046937,g.co,Correspondent,Male,www.linkedin.com/Thornton,Thornton,HICKS,140,62,117,,6
"Adams Resources & Energy, Inc.",70-410-7311,5,91538 Del Sol Trail,Bakersfield,Indiana,IN,United States,5258348970,Accommodation & Food Services,36046938,g.co,Manager - IT Infra,Female,www.linkedin.com/Orel,Orel,NEWTON,682,54,90,,12
"ADC Telecommunications, Inc.",70-410-7312,5,91538 Del Sol Trail,Bakersfield,Vermont,VT,United States,8130059575,MINING,36046939,g.co,Assistant Systems Administration,Male,www.linkedin.com/Randy,Randy,JOHNSTON,776,52,94,,13
Adelphia Communications Corporation,70-410-7313,5,91538 Del Sol Trail,Bakersfield,Maine,ME,United States,6749344134,Transport & Warehousing,36046940,g.co,Sr. Manager - IT,Female,www.linkedin.com/Lilas,Lilas,BRADLEY,546,51,60,,19
"Administaff, Inc.",70-410-7314,5,91538 Del Sol Trail,Bakersfield,Illinois,IL,United States,8302954999,Diversified,36046941,g.co,Chairperson & Managing Director,Male,www.linkedin.com/Hiro,Hiro,MISS,172,44,171,,7
Adobe Systems Incorporated,70-410-7315,5,91538 Del Sol Trail,Bakersfield,Maryland,MD,United States,9665797219,Personal & Other Services,36046942,g.co,Office Assistant,Male,www.linkedin.com/Reynard,Reynard,HAY,580,32,139,,12
Adolph Coors Company,70-410-7316,5,91538 Del Sol Trail,Bakersfield,Indiana,IN,United States,4315385713,Government,36046943,g.co,Incharge,Male,www.linkedin.com/Matthieu,Matthieu,FRENCH,359,59,103,,17
"Advance Auto Parts, Inc.",70-410-7317,5,91538 Del Sol Trail,Bakersfield,Massachusetts,MA,United States,4398386995,Business Management and Scientific Services,36046944,g.co,Deputy General Manager - Planning &,Female,www.linkedin.com/Maire,Maire,HART,762,29,34,,14
"Advanced Micro Devices, Inc.",70-410-7318,5,91538 Del Sol Trail,Bakersfield,Iowa,IA,United States,5538837720,Finance & Insurance,36046945,g.co,Head of Department - Computer Science,Male,www.linkedin.com/Shamus,Shamus,STREET,788,70,86,,18
"AdvancePCS, Inc.",70-410-7319,5,91538 Del Sol Trail,Bakersfield,Maine,ME,United States,6966082299,Electrical & Electronics,36046946,g.co,Senior Vice President - Finance & Supply,Male,www.linkedin.com/Vincent,Vincent,JOHNSON,220,30,121,,14
"Advantica Restaurant Group, Inc.",70-410-7320,5,91538 Del Sol Trail,Bakersfield,Colorado,CO,United States,4815827229,Information & Media,36046947,g.co,Senior Joint President - Marketing,Female,www.linkedin.com/Kippy,Kippy,JACKSON,906,69,120,,6
The AES Corporation,70-410-7321,5,91538 Del Sol Trail,Bakersfield,Missouri,MO,United States,4398538835,Information & Media,36046948,g.co,Director - Finance & Accounts,Male,www.linkedin.com/Willis,Willis,ELLIS,624,48,34,,19
Aetna Inc.,70-410-7322,5,91538 Del Sol Trail,Bakersfield,Maine,ME,United States,9384648384,Finance & Insurance,36046949,g.co,Office Incharge,Male,www.linkedin.com/Sinclair,Sinclair,ROOSEVELT,163,22,43,,20
"Affiliated Computer Services, Inc.",70-410-7323,5,91538 Del Sol Trail,Bakersfield,Puerto Rico,PR,United States,9644759124,Banking,36046950,g.co,Senior System Administrator,Female,www.linkedin.com/Alyse,Alyse,BATES,478,35,48,,11
AFLAC Incorporated,70-410-7324,5,91538 Del Sol Trail,Bakersfield,Alabama,AL,United States,8980282263,Manufacturing,36046951,g.co,Junior Executive,Male,www.linkedin.com/Ricardo,Ricardo,LONG,197,50,108,,20
AGCO Corporation,70-410-7325,5,91538 Del Sol Trail,Bakersfield,Connecticut,CT,United States,3651503752,Construction & Engineering Services,36046952,g.co,In - charge - Computers,Male,www.linkedin.com/Westbrook,Westbrook,PIERCE,818,33,184,,14
"Agilent Technologies, Inc.",70-410-7326,5,91538 Del Sol Trail,Bakersfield,Arkansas,AR,United States,3836727942,Diversified,36046953,g.co,Senior. Co - Ordinator - IT,Male,www.linkedin.com/Jed,Jed,WILSON,213,49,47,,13
Agway Inc.,70-410-7327,5,91538 Del Sol Trail,Bakersfield,Maryland,MD,United States,5473816770,Personal & Other Services,36046954,g.co,Head - National Sales,Female,www.linkedin.com/Leorah,Leorah,THOMPSON,945,36,74,,12
Apartment Investment and Management Company,70-410-7328,5,91538 Del Sol Trail,Bakersfield,Georgia,GA,United States,9447950128,IT Supplier,36046955,g.co,Head - Direct Banking,Male,www.linkedin.com/Moore,Moore,PARKER,826,59,55,,16
"Air Products and Chemicals, Inc.",70-410-7329,5,91538 Del Sol Trail,Bakersfield,Kansas,KS,United States,6682707851,Government,36046956,g.co,Chief General Manager - Technical &,Male,www.linkedin.com/Reed,Reed,LONG,507,51,52,,15
"Airborne, Inc.",70-410-7330,5,91538 Del Sol Trail,Bakersfield,Kentucky,KY,United States,3734712727,"Real Estate, Rental & Leasing",36046957,g.co,Chief Finance Officer,Male,www.linkedin.com/Kareem,Kareem,WEBB,629,32,65,,18
"Airgas, Inc.",70-410-7331,5,91538 Del Sol Trail,Bakersfield,Utah,UT,United States,4193912624,Electrical & Electronics,36046958,g.co,Programmer,Female,www.linkedin.com/Taffy,Taffy,HAYES,805,29,196,,10
AK Steel Holding Corporation,70-410-7332,5,91538 Del Sol Trail,Bakersfield,Missouri,MO,United States,7464459424,Banking,36046959,g.co,Tibco Engineer,Male,www.linkedin.com/Otho,Otho,ARNOLD,730,44,158,,10
"Alaska Air Group, Inc.",70-410-7333,5,91538 Del Sol Trail,Bakersfield,Kentucky,KY,United States,6225266954,Banking,36046960,g.co,Vice President - Corporate Planning,Male,www.linkedin.com/Thatcher,Thatcher,CROSS,732,42,96,,15
Alberto-Culver Company,70-410-7334,5,91538 Del Sol Trail,Bakersfield,Nevada,NV,United States,7031843162,Education Services,36046961,g.co,Head - International,Female,www.linkedin.com/Alane,Alane,HARPER,388,42,72,,16
"Albertson's, Inc.",70-410-7335,5,91538 Del Sol Trail,Bakersfield,California,CA,United States,8955894812,Health & Community Services,36046962,g.co,General Manager - Project Engineering,Female,www.linkedin.com/Greta,Greta,NORTON,685,49,55,,11
Alcoa Inc.,70-410-7336,5,91538 Del Sol Trail,Bakersfield,Maine,ME,United States,5813377453,Business Management and Scientific Services,36046963,g.co,Additional General Manager - Projec,Male,www.linkedin.com/Les,Les,SANDERS,932,22,150,,13
Alleghany Corporation,70-410-7337,5,91538 Del Sol Trail,Bakersfield,Louisiana,LA,United States,6344367804,Banking,36046964,g.co,Senior Dgm - Administration,Male,www.linkedin.com/Griffith,Griffith,BELL,978,28,178,,7
"Allegheny Energy, Inc.",70-410-7338,5,91538 Del Sol Trail,Bakersfield,New Hampshire,NH,United States,2018248826,Business Management and Scientific Services,36046965,g.co,Group Head - Policy & Chif Economist,Male,www.linkedin.com/Andri,Andri,ROBERTSON,889,41,162,,11
Allegheny Technologies Incorporated,70-410-7339,5,91538 Del Sol Trail,Bakersfield,Mississippi,MS,United States,8559210414,WHOLESALE & RETAIL TRADE,36046966,g.co,Assistant Manager - Network Operations,Female,www.linkedin.com/Ingeborg,Ingeborg,WRIGHT,219,59,39,,10
"Allergan, Inc.",70-410-7340,5,91538 Del Sol Trail,Bakersfield,Alabama,AL,United States,9241973405,Banking,36046967,g.co,Manager - Accounts & Administrator,Male,www.linkedin.com/Selby,Selby,BOOTH,980,58,82,,17
"ALLETE, Inc.",70-410-7341,5,91538 Del Sol Trail,Bakersfield,Maryland,MD,United States,7117222507,Banking,36046968,g.co,Director - Program - Telecom,Male,www.linkedin.com/Garrot,Garrot,TURNER,893,48,107,,11
Alliant Energy Corporation,70-410-7342,5,91538 Del Sol Trail,Bakersfield,Connecticut,CT,United States,2544644084,Information & Media,36046969,g.co,Head - R & D,Female,www.linkedin.com/Margalo,Margalo,SHERMAN,792,40,112,,12
"Allied Waste Industries, Inc.",70-410-7343,5,91538 Del Sol Trail,Bakersfield,New Jersey,NJ,United States,3347758371,"Real Estate, Rental & Leasing",36046970,g.co,Vice President - Banking,Male,www.linkedin.com/Aleck,Aleck,FOX,511,40,140,,19
Allmerica Financial Corporation,70-410-7344,5,91538 Del Sol Trail,Bakersfield,Washington,WA,United States,7496922293,"Arts, Entertainment & Recreation",36046971,g.co,President - Project,Female,www.linkedin.com/Tracie,Tracie,OWENS,530,41,51,,20
The Allstate Corporation,70-410-7345,5,91538 Del Sol Trail,Bakersfield,Puerto Rico,PR,United States,3273334607,Personal & Other Services,36046972,g.co,Vice President - Manufacturing,Male,www.linkedin.com/Marlin,Marlin,STEPHENS,385,56,127,,20
ALLTEL Corporation,70-410-7346,5,91538 Del Sol Trail,Bakersfield,Missouri,MO,United States,3512560650,"Arts, Entertainment & Recreation",36046973,g.co,Senior System Administrator,Female,www.linkedin.com/Evelina,Evelina,BROS,607,47,75,,13
"The Alpine Group, Inc.",70-410-7347,5,91538 Del Sol Trail,Bakersfield,New Jersey,NJ,United States,2516416690,"Arts, Entertainment & Recreation",36046974,g.co,Senior Software Developer,Male,www.linkedin.com/Dominick,Dominick,WATSON,839,33,85,,16
"Amazon.com, Inc.",70-410-7348,5,91538 Del Sol Trail,Bakersfield,New Jersey,NJ,United States,7711572799,MINING,36046975,g.co,Executive - Chief,Male,www.linkedin.com/Bennie,Bennie,EDWARDS,939,68,164,,5
AMC Entertainment Inc.,70-410-7349,5,91538 Del Sol Trail,Bakersfield,Idaho,ID,United States,6602762141,Transport & Warehousing,36046976,g.co,Senior Officer - Finance,Male,www.linkedin.com/Sanson,Sanson,COUNTY,577,43,117,,11
American Power Conversion Corporation,70-410-7350,5,91538 Del Sol Trail,Bakersfield,Virgin Islands,VI,United States,5181390799,Telecommunications,36046977,g.co,Senior Vice President & Head - Biologics,Female,www.linkedin.com/Corina,Corina,MORRISON,343,63,102,,17
Amerada Hess Corporation,70-410-7351,5,91538 Del Sol Trail,Bakersfield,New Jersey,NJ,United States,3421198645,Education Services,36046978,g.co,Director - Operation,Male,www.linkedin.com/Silvano,Silvano,LEE,148,57,143,,14
AMERCO,70-410-7352,5,91538 Del Sol Trail,Bakersfield,New Hampshire,NH,United States,4670621543,Finance & Insurance,36046979,g.co,Manager - IT Delivery,Male,www.linkedin.com/Vincents,Vincents,FOWLER,841,42,79,,6
Ameren Corporation,70-410-7353,5,91538 Del Sol Trail,Bakersfield,Vermont,VT,United States,8093916804,Business Management and Scientific Services,36046980,g.co,Head - Products & IMS,Male,www.linkedin.com/Rutter,Rutter,PETERS,148,27,118,,15
America West Holdings Corporation,70-410-7354,5,91538 Del Sol Trail,Bakersfield,California,CA,United States,1813058272,Transport & Warehousing,36046981,g.co,Manager Enterprise Service,Female,www.linkedin.com/Yetta,Yetta,CAMPBELL,671,44,168,,6
"American Axle & Manufacturing Holdings, Inc.",70-410-7355,5,91538 Del Sol Trail,Bakersfield,Alabama,AL,United States,8322296773,Utilities & Waste Management,36046982,g.co,Service Delivery Manager,Male,www.linkedin.com/Dewey,Dewey,SCOTT,713,65,43,,12
"American Eagle Outfitters, Inc.",70-410-7356,5,91538 Del Sol Trail,Bakersfield,North Dakota,ND,United States,1123586630,Government,36046983,g.co,Trainee,Female,www.linkedin.com/Emmi,Emmi,HENDERSON,712,29,187,,9
"American Electric Power Company, Inc.",70-410-7357,5,91538 Del Sol Trail,Bakersfield,Arkansas,AR,United States,3299641120,Transport & Warehousing,36046984,g.co,Executive - Sales,Female,www.linkedin.com/Alejandrina,Alejandrina,DEAN,467,51,50,,16
American Express Company,70-410-7358,5,91538 Del Sol Trail,Bakersfield,Washington DC,DC,United States,5382768920,Manufacturing,36046985,g.co,Chief General Manager - P & Q,Female,www.linkedin.com/Irina,Irina,NORTON,396,40,101,,9
"American Financial Group, Inc.",70-410-7359,5,91538 Del Sol Trail,Bakersfield,Arkansas,AR,United States,8390760687,"Arts, Entertainment & Recreation",36046986,g.co,Deputy Manager - Systems,Female,www.linkedin.com/Franni,Franni,REED,437,59,91,,15
American Greetings Corporation,70-410-7360,5,91538 Del Sol Trail,Bakersfield,Texas,TX,United States,2928009885,Personal & Other Services,36046987,g.co,Chief Analytical Officer,Male,www.linkedin.com/Andrus,Andrus,PAGE,379,22,108,,5
"American International Group, Inc.",70-410-7361,5,91538 Del Sol Trail,Bakersfield,Connecticut,CT,United States,7929026605,Telecommunications,36046988,g.co,Manager - Process,Male,www.linkedin.com/Griswold,Griswold,WARNER,460,65,192,,12
American Standard Companies Inc.,70-410-7362,5,91538 Del Sol Trail,Bakersfield,Indiana,IN,United States,8007093618,MINING,36046989,g.co,Analyst - Infrastructure Outsourcin,Female,www.linkedin.com/Catlee,Catlee,FERGUSON,930,23,135,,7
"American Water Works Company, Inc.",70-410-7363,5,91538 Del Sol Trail,Bakersfield,West Virginia,WV,United States,3382043011,Manufacturing,36046990,g.co,Director & Head - IT,Male,www.linkedin.com/Scottie,Scottie,MURRAY,733,34,146,,19
AmerisourceBergen Corporation,70-410-7364,5,91538 Del Sol Trail,Bakersfield,North Dakota,ND,United States,4081876231,Information & Media,36046991,g.co,Chief Accounts Officer & Finance Advisor,Male,www.linkedin.com/Tammie,Tammie,JOHN,312,40,108,,16
"Ames Department Stores, Inc.",70-410-7365,5,91538 Del Sol Trail,Bakersfield,Mississippi,MS,United States,3787960901,Accommodation & Food Services,36046992,g.co,Manager - Communications,Male,www.linkedin.com/Spencer,Spencer,NEWMAN,698,32,177,,8
Amgen Inc.,70-410-7366,5,91538 Del Sol Trail,Bakersfield,New Hampshire,NH,United States,1069568797,Personal & Other Services,36046993,g.co,Manager - Technical,Male,www.linkedin.com/Winston,Winston,MC,275,31,123,,10
"Amkor Technology, Inc.",70-410-7367,5,91538 Del Sol Trail,Bakersfield,Delaware,DE,United States,6552214642,Business Management and Scientific Services,36046994,g.co,President - Finance,Female,www.linkedin.com/Elysia,Elysia,PERRY,680,56,126,,14
AMR Corporation,70-410-7368,5,91538 Del Sol Trail,Bakersfield,Louisiana,LA,United States,3536951645,Government,36046995,g.co,Director - Production & Project,Female,www.linkedin.com/Maria,Maria,FIELD,281,53,145,,6
AmSouth Bancorp.,70-410-7369,5,91538 Del Sol Trail,Bakersfield,Puerto Rico,PR,United States,6329946943,Electrical & Electronics,36046996,g.co,Senior General Manager - IT,Male,www.linkedin.com/Uriah,Uriah,GREEN,401,50,33,,16
"Amtran, Inc.",70-410-7370,5,91538 Del Sol Trail,Bakersfield,Rhode Island,RI,United States,1626166849,Diversified,36046997,g.co,DM - IT,Female,www.linkedin.com/Annelise,Annelise,HAWKINS,771,46,49,,19
Anadarko Petroleum Corporation,70-410-7371,5,91538 Del Sol Trail,Bakersfield,South Dakota,SD,United States,8770146042,Telecommunications,36046998,g.co,Chief Manager - Information Systems,Male,www.linkedin.com/Spencer,Spencer,MAY,459,36,57,,11
"Analog Devices, Inc.",70-410-7372,5,91538 Del Sol Trail,Bakersfield,Louisiana,LA,United States,5110944225,Government,36046999,g.co,Chief Manager - Finance,Male,www.linkedin.com/Carlie,Carlie,COX,845,64,51,,10
Williams Companies Inc,70-510-8229,5,91538 Del Sol Trail,Bakersfield,Guam,GU,United States,7998661745,"Real Estate, Rental & Leasing",36047856,g.co,Executive Director - Finance & Accounts,Male,www.linkedin.com/Whitaker,Whitaker,LLOYD,865,36,191,,17
Williams Sonoma Inc,70-510-8230,5,91538 Del Sol Trail,Bakersfield,Tennessee,TN,United States,5292014337,Banking,36047857,g.co,Director - Catering,Male,www.linkedin.com/Kenneth,Kenneth,NEWMAN,555,44,180,,19
Winn Dixie Stores Inc,70-510-8231,5,91538 Del Sol Trail,Bakersfield,Delaware,DE,United States,9870201783,Utilities & Waste Management,36047858,g.co,Divisional Head,Female,www.linkedin.com/Marcile,Marcile,CLARK,417,50,73,,8
Wisconsin Energy Corporation,70-510-8232,5,91538 Del Sol Trail,Bakersfield,South Dakota,SD,United States,7006013119,Diversified,36047859,g.co,Officer - Sales,Female,www.linkedin.com/Waneta,Waneta,ISLAND,508,33,190,,7
Wm Wrigley Jr Company,70-510-8233,5,91538 Del Sol Trail,Bakersfield,Rhode Island,RI,United States,2733023310,WHOLESALE & RETAIL TRADE,36047860,g.co,Hardware - Engineer,Male,www.linkedin.com/Benjy,Benjy,BALL,300,45,80,,6
World Fuel Services Corporation,70-510-8234,5,91538 Del Sol Trail,Bakersfield,Alabama,AL,United States,2457730447,Construction & Engineering Services,36047861,g.co,Officer - Procurement,Male,www.linkedin.com/Elnar,Elnar,BALDWIN,699,66,156,,8
WorldCom Inc,70-510-8235,5,91538 Del Sol Trail,Bakersfield,Oklahoma,OK,United States,3111778302,Banking,36047862,g.co,Senior Executive - Management Infor,Female,www.linkedin.com/Debbie,Debbie,GEO,537,64,177,,6
Worthington Industries Inc,70-510-8236,5,91538 Del Sol Trail,Bakersfield,Florida,FL,United States,5053071343,Electrical & Electronics,36047863,g.co,Lead - IT Infrastructure,Male,www.linkedin.com/Sinclair,Sinclair,DAY,650,51,115,,7
WPS Resources Corporation,70-510-8237,5,91538 Del Sol Trail,Bakersfield,New Jersey,NJ,United States,3259271317,Accommodation & Food Services,36047864,g.co,Senior Officer - Systems,Female,www.linkedin.com/Ava,Ava,CRAWFORD,202,55,108,,20
Wyeth,70-510-8238,5,91538 Del Sol Trail,Bakersfield,Oklahoma,OK,United States,5284392897,Telecommunications,36047865,g.co,Head - Regional,Female,www.linkedin.com/Modesty,Modesty,GRIFFIN,169,46,38,,9
Wyndham International Inc,70-510-8239,5,91538 Del Sol Trail,Bakersfield,Maryland,MD,United States,4083450219,MINING,36047866,g.co,President - Global HR,Female,www.linkedin.com/Kym,Kym,COLE,258,52,52,,6
Xcel Energy Inc,70-510-8240,5,91538 Del Sol Trail,Bakersfield,Virginia,VA,United States,9334716451,WHOLESALE & RETAIL TRADE,36047867,g.co,Manager - Team,Male,www.linkedin.com/Moe,Moe,WARNER,359,35,120,,9
Xerox Corp,70-510-8241,5,91538 Del Sol Trail,Bakersfield,Minnesota,MN,United States,4522532493,Finance & Insurance,36047868,g.co,Pro Vice Chancellor,Female,www.linkedin.com/Benedikta,Benedikta,FOX,312,22,72,,10
Xilinx Inc,70-510-8242,5,91538 Del Sol Trail,Bakersfield,Maine,ME,United States,3428762337,"Arts, Entertainment & Recreation",36047869,g.co,Manager - Customer Service,Female,www.linkedin.com/Modesty,Modesty,WASHINGTON,551,62,179,,14
XO Communications Inc,70-510-8243,5,91538 Del Sol Trail,Bakersfield,Tennessee,TN,United States,2881305576,IT Supplier,36047870,g.co,Senior Manager - Sales,Male,www.linkedin.com/Winfield,Winfield,SNYDER,571,67,137,,7
Yellow Corporation,70-510-8244,5,91538 Del Sol Trail,Bakersfield,Indiana,IN,United States,7584683823,Government,36047871,g.co,Director - Technical & Acting Cmd,Male,www.linkedin.com/Galen,Galen,PETERS,986,47,197,,9
York International Corp,70-510-8245,5,91538 Del Sol Trail,Bakersfield,Pennsylvania,PA,United States,3319842188,Business Management and Scientific Services,36047872,g.co,Chief Manager,Female,www.linkedin.com/Melisse,Melisse,STUART,348,64,46,,11
Yum Brands Inc.,70-510-8246,5,91538 Del Sol Trail,Bakersfield,Arizona,AZ,United States,7612803635,Banking,36047873,g.co,Chief Operating Officer - Software Division,Male,www.linkedin.com/Hermann,Hermann,HENDERSON,171,50,81,,17
Zale Corporation,70-510-8247,5,91538 Del Sol Trail,Bakersfield,Nebraska,NE,United States,4578400504,"Arts, Entertainment & Recreation",36047874,g.co,Chief Operating Officer - Software Division,Female,www.linkedin.com/Susanne,Susanne,BAILEY,211,35,109,,5
Zions Bancorporation,70-510-8248,5,91538 Del Sol Trail,Bakersfield,Nevada,NV,United States,5954040940,Information & Media,36047875,g.co,Manager - Personnel,Male,www.linkedin.com/Gonzales,Gonzales,CLARK,254,24,56,,9
American Home Mortgage,70-510-8249,5,91538 Del Sol Trail,Bakersfield,Maryland,MD,United States,5197984998,Utilities & Waste Management,36047876,g.co,Chief Information Security Officer,Female,www.linkedin.com/Heather,Heather,ANN,875,29,176,,15
American International Group,70-510-8250,5,91538 Del Sol Trail,Bakersfield,West Virginia,WV,United States,6150163083,MINING,36047877,g.co,Assistant Vice President - Purchase,Male,www.linkedin.com/Ellsworth,Ellsworth,HAMILTON,958,54,185,,6
American Licorice Company,70-510-8251,5,91538 Del Sol Trail,Bakersfield,Hawaii,HI,United States,3608808924,Transport & Warehousing,36047878,g.co,Deputy Manager - ITS,Female,www.linkedin.com/Annamari,Annamari,WALKER,607,36,195,,9
American Reprographics Company,70-510-8252,5,91538 Del Sol Trail,Bakersfield,Virgin Islands,VI,United States,4759176891,Health & Community Services,36047879,g.co,Assistant General Manager - Production,Female,www.linkedin.com/Carolann,Carolann,DUNCAN,820,24,108,,12
"American Sugar Refining, Inc.",70-510-8253,5,91538 Del Sol Trail,Bakersfield,Wyoming,WY,United States,6546648577,Information & Media,36047880,g.co,Associate Vice President - Global IT - SD Lead - T,Male,www.linkedin.com/Vassily,Vassily,HARPER,750,35,81,,6
Amerigroup,70-510-8254,5,91538 Del Sol Trail,Bakersfield,Florida,FL,United States,2704810141,Health & Community Services,36047881,g.co,Principal consultant,Female,www.linkedin.com/Maureene,Maureene,WILLIAM,321,42,107,,17
Ameriprise Financial,70-510-8255,5,91538 Del Sol Trail,Bakersfield,Kansas,KS,United States,9838830069,"Arts, Entertainment & Recreation",36047882,g.co,Chief Officer - HR,Male,www.linkedin.com/Connolly,Connolly,ROBERTS,790,27,47,,19
AmerisourceBergen,70-510-8256,5,91538 Del Sol Trail,Bakersfield,Washington DC,DC,United States,8179035965,"Arts, Entertainment & Recreation",36047883,g.co,Associate Vice President - Finance & Accounts,Female,www.linkedin.com/Christalle,Christalle,BURKE,523,50,134,,7
Ametek,70-510-8257,5,91538 Del Sol Trail,Bakersfield,Hawaii,HI,United States,2409876179,WHOLESALE & RETAIL TRADE,36047884,g.co,Chief Marketing Officer Aluminium,Male,www.linkedin.com/Nikos,Nikos,TAYLOR,321,24,140,,6
Amgen,70-510-8258,5,91538 Del Sol Trail,Bakersfield,Delaware,DE,United States,1321155779,Manufacturing,36047885,g.co,Associate Vice President - Risk,Male,www.linkedin.com/Steward,Steward,BRADLEY,977,66,144,,10
Amkor Technology,70-510-8259,5,91538 Del Sol Trail,Bakersfield,Arkansas,AR,United States,5349444551,Accommodation & Food Services,36047886,g.co,General Manager (MS) & CIO,Male,www.linkedin.com/Vasily,Vasily,ATKINSON,148,25,120,,7
Ampex Corporation,70-510-8260,5,91538 Del Sol Trail,Bakersfield,North Dakota,ND,United States,7054162480,Electrical & Electronics,36047887,g.co,Joint Secretary,Male,www.linkedin.com/Sandor,Sandor,HUNTER,686,26,100,,18
Amphenol,70-510-8261,5,91538 Del Sol Trail,Bakersfield,Iowa,IA,United States,2183036119,Telecommunications,36047888,g.co,Senior Vice President - Marketing,Male,www.linkedin.com/Simon,Simon,WILSON,215,22,164,,5
American Airlines,70-510-8262,5,91538 Del Sol Trail,Bakersfield,West Virginia,WV,United States,7793323768,Business Management and Scientific Services,36047889,g.co,Assistance Consultant,Female,www.linkedin.com/Emylee,Emylee,HENDERSON,642,31,76,,11
"AMSOIL, Inc.",70-510-8263,5,91538 Del Sol Trail,Bakersfield,Kentucky,KY,United States,4782168531,Business Management and Scientific Services,36047890,g.co,General Manager - Cvo,Female,www.linkedin.com/Roch,Roch,TODD,442,37,190,,16
Amtrak (National Railroad Passenger Corporation),70-510-8264,5,91538 Del Sol Trail,Bakersfield,Wyoming,WY,United States,7410030983,Government,36047891,g.co,Chairman Cum Managing Director,Male,www.linkedin.com/Calvin,Calvin,LANE,647,44,175,,15
Amway,70-510-8265,5,91538 Del Sol Trail,Bakersfield,Arizona,AZ,United States,3964444356,Education Services,36047892,g.co,Operator - Computer,Male,www.linkedin.com/Etienne,Etienne,HILL,679,69,34,,10
Amy's Kitchen,70-510-8266,5,91538 Del Sol Trail,Bakersfield,North Dakota,ND,United States,8665731588,Information & Media,36047893,g.co,Manager - Factory,Female,www.linkedin.com/Corey,Corey,COLEMAN,927,23,111,,18
Analog Devices,70-510-8267,5,91538 Del Sol Trail,Bakersfield,New Hampshire,NH,United States,7845497235,Diversified,36047894,g.co,General Manager - Technical,Female,www.linkedin.com/Ailyn,Ailyn,LEWIS,271,38,193,,12
AnaSpec,70-510-8268,5,91538 Del Sol Trail,Bakersfield,Connecticut,CT,United States,2991319899,Business Management and Scientific Services,36047895,g.co,IT Lead,Female,www.linkedin.com/Rachel,Rachel,FELLOWS,735,54,181,,6
"Ancestry.com, Inc.",70-510-8269,5,91538 Del Sol Trail,Bakersfield,Indiana,IN,United States,4317436389,Information & Media,36047896,g.co,Senior Director - IT,Male,www.linkedin.com/Hayes,Hayes,GIBSON,852,42,103,,13
Anchor Bay Entertainment,70-510-8270,5,91538 Del Sol Trail,Bakersfield,Mississippi,MS,United States,4350957116,Government,36047897,g.co,General Manager - Technologies,Female,www.linkedin.com/Nanete,Nanete,COLEMAN,320,37,39,,12
Anchor Brewing Company,70-510-8271,5,91538 Del Sol Trail,Bakersfield,Maine,ME,United States,8274752779,WHOLESALE & RETAIL TRADE,36047898,g.co,Chief Officer - Delivery,Male,www.linkedin.com/Truman,Truman,BALDWIN,952,31,75,,17
AND1,70-510-8272,5,91538 Del Sol Trail,Bakersfield,Wisconsin,WI,United States,3195636003,Information & Media,36047899,g.co,Vice President - Operations,Female,www.linkedin.com/Belita,Belita,NEWTON,200,42,99,,12
Andersen Corporation,70-510-8273,5,91538 Del Sol Trail,Bakersfield,Kentucky,KY,United States,7937413030,Banking,36047900,g.co,Senior Team Lead,Male,www.linkedin.com/Carlin,Carlin,WEBB,741,68,83,,20
Andronico's,70-510-8274,5,91538 Del Sol Trail,Bakersfield,Rhode Island,RI,United States,5406695365,Utilities & Waste Management,36047901,g.co,Assistant General Manager - Departm,Female,www.linkedin.com/Beryle,Beryle,ELIZABETH,794,69,113,,15
Anixter,70-510-8275,5,91538 Del Sol Trail,Bakersfield,Massachusetts,MA,United States,6212764435,Utilities & Waste Management,36047902,g.co,Executive - Operations,Male,www.linkedin.com/Nathanil,Nathanil,STREET,298,61,77,,6
Ann Taylor,70-510-8276,5,91538 Del Sol Trail,Bakersfield,Kentucky,KY,United States,5086136015,"Real Estate, Rental & Leasing",36047903,g.co,Senior Associate - IT,Female,www.linkedin.com/Arlina,Arlina,HOLMES,240,25,101,,10
Annabelle Candy Company,70-510-8277,5,91538 Del Sol Trail,Bakersfield,New Mexico,NM,United States,4510491065,Personal & Other Services,36047904,g.co,Vice President & Head India Operations,Male,www.linkedin.com/Pat,Pat,GILBERT,667,65,122,,17
Ansys,70-510-8278,5,91538 Del Sol Trail,Bakersfield,Oklahoma,OK,United States,3803510546,Manufacturing,36047905,g.co,Manager - Product Management,Female,www.linkedin.com/Casandra,Casandra,BARNES,467,35,65,,19
Antec,70-510-8279,5,91538 Del Sol Trail,Bakersfield,New York,NY,United States,6317188137,Personal & Other Services,36047906,g.co,Manager Enterprise Service,Female,www.linkedin.com/Linet,Linet,MITCHELL,813,52,76,,7
AOL,70-510-8280,5,91538 Del Sol Trail,Bakersfield,New Mexico,NM,United States,3364537995,Transport & Warehousing,36047907,g.co,Senior IT Architect,Female,www.linkedin.com/Lucilia,Lucilia,MURRAY,610,44,64,,14
Aon plc,70-510-8281,5,91538 Del Sol Trail,Bakersfield,New York,NY,United States,5640943671,"Real Estate, Rental & Leasing",36047908,g.co,Finance - Manager,Male,www.linkedin.com/Tome,Tome,WARNER,170,22,87,,19
Apache Software Foundation,70-510-8282,5,91538 Del Sol Trail,Bakersfield,Virginia,VA,United States,4681707149,Business Management and Scientific Services,36047909,g.co,General Manager - Corporate IT,Female,www.linkedin.com/Minette,Minette,STANLEY,574,28,82,,5
Apollo Global Management,70-510-8283,5,91538 Del Sol Trail,Bakersfield,New Hampshire,NH,United States,4769781249,MINING,36047910,g.co,General Manager - Planning,Male,www.linkedin.com/Giffy,Giffy,LAWRENCE,449,39,192,,18
Apollo Group,70-510-8284,5,91538 Del Sol Trail,Bakersfield,North Carolina,NC,United States,6610947992,WHOLESALE & RETAIL TRADE,36047911,g.co,Assistant Vice President - Operations,Female,www.linkedin.com/Sharline,Sharline,LANE,445,40,190,,17
Apple Inc.,70-510-8285,5,91538 Del Sol Trail,Bakersfield,Delaware,DE,United States,4480429256,Business Management and Scientific Services,36047912,g.co,Chief Administrator,Male,www.linkedin.com/Mike,Mike,ROOSEVELT,851,26,56,,17
Applebee's,70-510-8286,5,91538 Del Sol Trail,Bakersfield,Illinois,IL,United States,9403394786,WHOLESALE & RETAIL TRADE,36047913,g.co,Head - Hr & Communication,Female,www.linkedin.com/Merrily,Merrily,COOPER,590,69,152,,6
Applico,70-510-8287,5,91538 Del Sol Trail,Bakersfield,Nevada,NV,United States,8864934236,Telecommunications,36047914,g.co,Chief Marketing Officer Aluminium,Female,www.linkedin.com/Mada,Mada,PATTERSON,544,51,45,,16
Applied Biosystems,70-510-8288,5,91538 Del Sol Trail,Bakersfield,Vermont,VT,United States,4890337255,Personal & Other Services,36047915,g.co,Lead Architect & Senior Manager - Program,Male,www.linkedin.com/Beowulf,Beowulf,NICHOLS,961,46,82,,9
Applied Industrial Technologies,70-510-8289,5,91538 Del Sol Trail,Bakersfield,North Dakota,ND,United States,8367401986,Electrical & Electronics,36047916,g.co,Deputy Managing Director Of Commercial Operations,Male,www.linkedin.com/Praneetf,Praneetf,HENRY,395,65,196,,14
Benihana,70-510-8290,5,91538 Del Sol Trail,Bakersfield,Massachusetts,MA,United States,9335944614,Electrical & Electronics,36047917,g.co,Computer Incharge,Male,www.linkedin.com/Jule,Jule,FERGUSON,206,59,195,,19
Bennigan's,70-510-8291,5,91538 Del Sol Trail,Bakersfield,Arkansas,AR,United States,5535833902,MINING,36047918,g.co,Manager - Service,Female,www.linkedin.com/Nora,Nora,WELLS,811,32,167,,8
Berkshire Hathaway,70-510-8292,5,91538 Del Sol Trail,Bakersfield,Oregon,OR,United States,7833146554,Construction & Engineering Services,36047919,g.co,Assistant General Manager - Production,Male,www.linkedin.com/Hubert,Hubert,CROSS,627,54,59,,15
Berry Plastics,70-510-8293,5,91538 Del Sol Trail,Bakersfield,Alaska,AK,United States,9822175302,Government,36047920,g.co,Deputy General Manager - HR,Male,www.linkedin.com/Hugh,Hugh,PHILLIPS,939,27,149,,15
Best Buy,70-510-8294,5,91538 Del Sol Trail,Bakersfield,Indiana,IN,United States,3429997016,Diversified,36047921,g.co,Director - Program - Telecom,Female,www.linkedin.com/Steffi,Steffi,PHILLIPS,315,54,32,,13
Best Western International,70-510-8295,5,91538 Del Sol Trail,Bakersfield,Ohio,OH,United States,1011957580,WHOLESALE & RETAIL TRADE,36047922,g.co,Deputy Manager - ITS,Female,www.linkedin.com/Tish,Tish,SHAW,373,49,180,,5
BFG Technologies,70-510-8296,5,91538 Del Sol Trail,Bakersfield,Kansas,KS,United States,6588608689,Transport & Warehousing,36047923,g.co,Officer,Male,www.linkedin.com/Conan,Conan,MORRIS,876,49,115,,20
BI-LO,70-510-8297,5,91538 Del Sol Trail,Bakersfield,Massachusetts,MA,United States,6160451237,Telecommunications,36047924,g.co,Server Engineer,Male,www.linkedin.com/Patrik,Patrik,OWEN,571,43,155,,7
Big 5 Sporting Goods,70-510-8298,5,91538 Del Sol Trail,Bakersfield,Georgia,GA,United States,2243445075,Electrical & Electronics,36047925,g.co,Senior Manager - Programs,Male,www.linkedin.com/Zack,Zack,WELLS,346,32,129,,17
Big Boy Restaurants,70-510-8299,5,91538 Del Sol Trail,Bakersfield,Iowa,IA,United States,9598859389,Diversified,36047926,g.co,Programmer - IT,Female,www.linkedin.com/Jacinthe,Jacinthe,GILBERT,366,38,186,,17
Big Lots,70-510-8300,5,91538 Del Sol Trail,Bakersfield,Mississippi,MS,United States,2839199432,Diversified,36047927,g.co,Executive Director & President,Male,www.linkedin.com/Vinnie,Vinnie,JAMES,123,40,199,,5
Bigelow Tea Company,70-510-8301,5,91538 Del Sol Trail,Bakersfield,New Jersey,NJ,United States,4147873747,Business Management and Scientific Services,36047928,g.co,Senior Director - Manufacturing,Female,www.linkedin.com/Nani,Nani,WEST,693,32,46,,12
Hon Industries Inc.,70-610-7717,5,91538 Del Sol Trail,Bakersfield,Illinois,IL,United States,5595493593,Information & Media,36047344,g.co,Basis Administrator,Male,www.linkedin.com/Silvester,Silvester,ALEXANDER,984,32,145,,7
Honeywell International Inc.,70-610-7718,5,91538 Del Sol Trail,Bakersfield,New Mexico,NM,United States,2088241477,Government,36047345,g.co,Business Development Manager,Male,www.linkedin.com/Wilson,Wilson,KENNEDY,805,57,190,,19
Hormel Foods Corp.,70-610-7719,5,91538 Del Sol Trail,Bakersfield,Arizona,AZ,United States,5117238710,Construction & Engineering Services,36047346,g.co,Executive Vice President - Finance,Male,www.linkedin.com/Michail,Michail,REED,119,69,178,,13
Host Marriott Corp.,70-610-7720,5,91538 Del Sol Trail,Bakersfield,Tennessee,TN,United States,9268557617,Business Management and Scientific Services,36047347,g.co,Director - Business Development & HR,Female,www.linkedin.com/Yetty,Yetty,CITY,444,28,135,,18
Household International Corp.,70-610-7721,5,91538 Del Sol Trail,Bakersfield,South Carolina,SC,United States,8371407230,Telecommunications,36047348,g.co,Group Executive Vice President - Strategy HR,Female,www.linkedin.com/Mairead,Mairead,STEVENS,115,47,175,,10
Hovnanian Enterprises Inc.,70-610-7722,5,91538 Del Sol Trail,Bakersfield,Mississippi,MS,United States,4171405464,IT Supplier,36047349,g.co,Solution Specialist,Male,www.linkedin.com/Gunner,Gunner,FORD,852,63,111,,8
Hub Group Inc.,70-610-7723,5,91538 Del Sol Trail,Bakersfield,Ohio,OH,United States,8567615998,Finance & Insurance,36047350,g.co,Director - Technical & Operation,Female,www.linkedin.com/Bessy,Bessy,GEORGE,304,36,91,,19
Hubbell Inc.,70-610-7724,5,91538 Del Sol Trail,Bakersfield,Vermont,VT,United States,1379937900,WHOLESALE & RETAIL TRADE,36047351,g.co,Senior Manager - Material Management,Male,www.linkedin.com/Rupert,Rupert,SHAW,170,29,38,,8
Hughes Supply Inc.,70-610-7725,5,91538 Del Sol Trail,Bakersfield,Hawaii,HI,United States,2772004972,Personal & Other Services,36047352,g.co,General Manager - Sales & Marketing,Female,www.linkedin.com/Henrieta,Henrieta,PARK,471,59,183,,8
Humana Inc.,70-610-7726,5,91538 Del Sol Trail,Bakersfield,New Mexico,NM,United States,5172070624,Electrical & Electronics,36047353,g.co,Chief General Manager - Materials,Male,www.linkedin.com/Zane,Zane,PARKER,490,63,190,,7
Huntington Bancshares Inc.,70-610-7727,5,91538 Del Sol Trail,Bakersfield,Kentucky,KY,United States,9754719459,Diversified,36047354,g.co,Union Minister For Chemicals & Fertilizers,Male,www.linkedin.com/French,French,ELLIOTT,109,41,137,,10
Idacorp Inc.,70-610-7728,5,91538 Del Sol Trail,Bakersfield,Puerto Rico,PR,United States,9531777745,Banking,36047355,g.co,General Manager - Corporate IT,Male,www.linkedin.com/Thomas,Thomas,SIMMONS,305,41,121,,19
IDT Corporation,70-610-7729,5,91538 Del Sol Trail,Bakersfield,Illinois,IL,United States,4314455757,Education Services,36047356,g.co,Deputy General Manager - Data Centre,Male,www.linkedin.com/Philip,Philip,LAWRENCE,881,66,111,,19
IKON Office Solutions Inc.,70-610-7730,5,91538 Del Sol Trail,Bakersfield,Delaware,DE,United States,9200409720,Health & Community Services,36047357,g.co,Director - Technical & Acting Chief Managing Direc,Female,www.linkedin.com/Ilse,Ilse,WILLIAM,254,35,114,,18
Illinois Tool Works Inc.,70-610-7731,5,91538 Del Sol Trail,Bakersfield,Guam,GU,United States,9488283335,Business Management and Scientific Services,36047358,g.co,Head - Hr & Administration,Male,www.linkedin.com/Irvine,Irvine,OWEN,983,53,42,,18
IMC Global Inc.,70-610-7732,5,91538 Del Sol Trail,Bakersfield,Colorado,CO,United States,2352349046,Business Management and Scientific Services,36047359,g.co,Director - Computer Science,Female,www.linkedin.com/Malinde,Malinde,CARR,835,34,44,,12
Imperial Sugar Company,70-610-7733,5,91538 Del Sol Trail,Bakersfield,Arkansas,AR,United States,8388066335,Information & Media,36047360,g.co,Engineer - Design & Power Plant Aut,Female,www.linkedin.com/Emmaline,Emmaline,OWENS,659,51,161,,17
IMS Health Inc.,70-610-7734,5,91538 Del Sol Trail,Bakersfield,Idaho,ID,United States,9897474066,Utilities & Waste Management,36047361,g.co,Deputy Manager - IT,Female,www.linkedin.com/Antoinette,Antoinette,CRAWFORD,255,37,156,,9
Ingles Market Inc,70-610-7735,5,91538 Del Sol Trail,Bakersfield,Alabama,AL,United States,4134826840,Information & Media,36047362,g.co,Senior Manager - Sales,Male,www.linkedin.com/Gonzales,Gonzales,FELLOWS,998,53,73,,15
Ingram Micro Inc.,70-610-7736,5,91538 Del Sol Trail,Bakersfield,Nebraska,NE,United States,6116152019,Electrical & Electronics,36047363,g.co,Officer - IT,Female,www.linkedin.com/Bennie,Bennie,BURNS,955,54,151,,14
Insight Enterprises Inc.,70-610-7737,5,91538 Del Sol Trail,Bakersfield,Virgin Islands,VI,United States,6439143230,Business Management and Scientific Services,36047364,g.co,Senior Systems Engineer,Male,www.linkedin.com/Jamey,Jamey,KELLY,186,38,84,,16
Integrated Electrical Services Inc.,70-610-7738,5,91538 Del Sol Trail,Bakersfield,Mississippi,MS,United States,8878575719,Transport & Warehousing,36047365,g.co,Head - Systems,Male,www.linkedin.com/Lazarus,Lazarus,COLLEGE,266,67,165,,5
Intel Corporation,70-610-7739,5,91538 Del Sol Trail,Bakersfield,Nebraska,NE,United States,4997872940,Government,36047366,g.co,Manager - HR,Female,www.linkedin.com/Maible,Maible,ROSE,491,69,97,,9
International Paper Co.,70-610-7740,5,91538 Del Sol Trail,Bakersfield,Washington DC,DC,United States,3845148645,WHOLESALE & RETAIL TRADE,36047367,g.co,Manager - Business Development - AP,Female,www.linkedin.com/Donnie,Donnie,BUCHANAN,290,54,178,,13
Interpublic Group of Companies Inc.,70-610-7741,5,91538 Del Sol Trail,Bakersfield,Georgia,GA,United States,8292310752,"Arts, Entertainment & Recreation",36047368,g.co,Deputy Director,Male,www.linkedin.com/Silvanus,Silvanus,PORTER,934,20,128,,7
Interstate Bakeries Corporation,70-610-7742,5,91538 Del Sol Trail,Bakersfield,Arkansas,AR,United States,2130914987,Utilities & Waste Management,36047369,g.co,Senio Vice President - Marketing,Male,www.linkedin.com/Bealle,Bealle,PIERCE,257,50,38,,12
International Business Machines Corp.,70-610-7743,5,91538 Del Sol Trail,Bakersfield,Kansas,KS,United States,1745568248,Personal & Other Services,36047370,g.co,Head - Business Operations,Female,www.linkedin.com/Heda,Heda,GOULD,769,57,86,,13
International Flavors & Fragrances Inc.,70-610-7744,5,91538 Del Sol Trail,Bakersfield,Pennsylvania,PA,United States,2436846036,IT Supplier,36047371,g.co,Opportunity Manager,Female,www.linkedin.com/Jessamine,Jessamine,HOWELL,310,63,48,,18
International Multifoods Corporation,70-610-7745,5,91538 Del Sol Trail,Bakersfield,Georgia,GA,United States,9398654682,MINING,36047372,g.co,Executive - Customer Care,Female,www.linkedin.com/Manda,Manda,CLAY,112,29,177,,10
Intuit Inc.,70-610-7746,5,91538 Del Sol Trail,Bakersfield,Wisconsin,WI,United States,7095660608,Business Management and Scientific Services,36047373,g.co,Country Head,Female,www.linkedin.com/Mireielle,Mireielle,HOWELL,818,48,34,,20
IT Group Inc.,70-610-7747,5,91538 Del Sol Trail,Bakersfield,Mississippi,MS,United States,9642173536,Banking,36047374,g.co,Assistant Manager - Systems,Male,www.linkedin.com/Bo,Bo,JENKINS,838,31,152,,17
ITT Industries Inc.,70-610-7748,5,91538 Del Sol Trail,Bakersfield,West Virginia,WV,United States,7411392199,Electrical & Electronics,36047375,g.co,Manager - Risk Management,Male,www.linkedin.com/Staffard,Staffard,ALLEN,638,46,49,,20
Ivax Corp.,70-610-7749,5,91538 Del Sol Trail,Bakersfield,Virginia,VA,United States,2039962550,Accommodation & Food Services,36047376,g.co,Deputy Director General - Administration,Male,www.linkedin.com/Clark,Clark,BRUCE,476,37,177,,7
J.B. Hunt Transport Services Inc.,70-610-7750,5,91538 Del Sol Trail,Bakersfield,Rhode Island,RI,United States,5095867902,Education Services,36047377,g.co,Manager - Project,Female,www.linkedin.com/Maggie,Maggie,RYAN,516,24,123,,12
J.C. Penny Co.,70-610-7751,5,91538 Del Sol Trail,Bakersfield,Mississippi,MS,United States,9873411525,WHOLESALE & RETAIL TRADE,36047378,g.co,President - Pharma Research & Development,Female,www.linkedin.com/Suzan,Suzan,EVANS,668,40,36,,19
J.P. Morgan Chase & Co.,70-610-7752,5,91538 Del Sol Trail,Bakersfield,New Jersey,NJ,United States,6660458621,Government,36047379,g.co,President - Technical,Male,www.linkedin.com/Whittaker,Whittaker,AUSTIN,540,31,126,,13
Jabil Circuit Inc.,70-610-7753,5,91538 Del Sol Trail,Bakersfield,Guam,GU,United States,2416498360,Personal & Other Services,36047380,g.co,Head - Projects,Male,www.linkedin.com/Mischa,Mischa,ARNOLD,462,26,121,,9
Jack In The Box Inc.,70-610-7754,5,91538 Del Sol Trail,Bakersfield,North Carolina,NC,United States,2727769048,Utilities & Waste Management,36047381,g.co,Chief - HR,Male,www.linkedin.com/Luis,Luis,BAILEY,158,54,81,,20
Jacobs Engineering Group Inc.,70-610-7755,5,91538 Del Sol Trail,Bakersfield,Alabama,AL,United States,3828771056,Finance & Insurance,36047382,g.co,Senior networks administrator,Female,www.linkedin.com/Rosaline,Rosaline,LAWRENCE,850,58,80,,6
JDS Uniphase Corp.,70-610-7756,5,91538 Del Sol Trail,Bakersfield,Vermont,VT,United States,5680907067,Finance & Insurance,36047383,g.co,Associate Vice President - Finance & Accounts,Male,www.linkedin.com/Wolfram,Wolfram,SCOTT,385,33,32,,11
Jefferson-Pilot Co.,70-610-7757,5,91538 Del Sol Trail,Bakersfield,Puerto Rico,PR,United States,8789565655,Accommodation & Food Services,36047384,g.co,Executive Vice President & Chief Financial Officer,Female,www.linkedin.com/Vivie,Vivie,HOWE,959,26,101,,7
John Hancock Financial Services Inc.,70-610-7758,5,91538 Del Sol Trail,Bakersfield,Connecticut,CT,United States,3184069468,Electrical & Electronics,36047385,g.co,Chief General Manager - Technical,Male,www.linkedin.com/Christian,Christian,ROOSEVELT,987,68,34,,9
Johnson & Johnson,70-610-7759,5,91538 Del Sol Trail,Bakersfield,Alabama,AL,United States,2436079691,Personal & Other Services,36047386,g.co,Purchase - Manager,Male,www.linkedin.com/Nickey,Nickey,WATSON,670,60,40,,11
Johnson Controls Inc.,70-610-7760,5,91538 Del Sol Trail,Bakersfield,Tennessee,TN,United States,4795168461,IT Supplier,36047387,g.co,Head - HR,Male,www.linkedin.com/Chip,Chip,WARNER,649,52,66,,9
Jones Apparel Group Inc.,70-610-7761,5,91538 Del Sol Trail,Bakersfield,South Dakota,SD,United States,3471210879,Accommodation & Food Services,36047388,g.co,Senior Associate,Male,www.linkedin.com/Floyd,Floyd,CARROLL,893,34,63,,5
KB Home,70-610-7762,5,91538 Del Sol Trail,Bakersfield,Oregon,OR,United States,5581996473,Electrical & Electronics,36047389,g.co,Manager - Database Systems,Female,www.linkedin.com/Natala,Natala,RICHARDS,616,69,79,,7
Kellogg Company,70-610-7763,5,91538 Del Sol Trail,Bakersfield,Washington,WA,United States,6270502257,Accommodation & Food Services,36047390,g.co,Incharge - Marketing,Female,www.linkedin.com/Dode,Dode,ISLAND,989,51,178,,17
Kellwood Company,70-610-7764,5,91538 Del Sol Trail,Bakersfield,Nevada,NV,United States,5052145725,Information & Media,36047391,g.co,Executive Director - HR,Male,www.linkedin.com/Vasilis,Vasilis,ROBERTSON,723,67,32,,19
Kelly Services Inc.,70-610-7765,5,91538 Del Sol Trail,Bakersfield,Wyoming,WY,United States,7229808350,Banking,36047392,g.co,Lead - AM Tech Ops,Male,www.linkedin.com/Gilbert,Gilbert,SUTTON,129,28,42,,18
Kemet Corp.,70-610-7766,5,91538 Del Sol Trail,Bakersfield,Missouri,MO,United States,3208881080,Finance & Insurance,36047393,g.co,Manager finance & Banking,Female,www.linkedin.com/Ava,Ava,PRATT,589,65,72,,11
Kennametal Inc.,70-610-7767,5,91538 Del Sol Trail,Bakersfield,Rhode Island,RI,United States,4112770128,Information & Media,36047394,g.co,Associate Consultant,Male,www.linkedin.com/Vernen,Vernen,BOOTH,593,39,193,,17
Kerr-McGee Corporation,70-610-7768,5,91538 Del Sol Trail,Bakersfield,Colorado,CO,United States,4781833431,Diversified,36047395,g.co,Customer Support Engineer,Female,www.linkedin.com/Teriann,Teriann,WEBSTER,830,67,193,,7
KeyCorp,70-610-7769,5,91538 Del Sol Trail,Bakersfield,Idaho,ID,United States,5315435535,IT Supplier,36047396,g.co,Manager - Process,Male,www.linkedin.com/Josh,Josh,GREGORY,475,31,129,,16
KeySpan Corp.,70-610-7770,5,91538 Del Sol Trail,Bakersfield,Michigan,MI,United States,9898983136,Finance & Insurance,36047397,g.co,Chief Executive Officer & Managing,Male,www.linkedin.com/Henrie,Henrie,ROGERS,794,45,55,,19
Kimball International Inc.,70-610-7771,5,91538 Del Sol Trail,Bakersfield,Ohio,OH,United States,3703461002,MINING,36047398,g.co,Senior - IT,Female,www.linkedin.com/Glynis,Glynis,CARR,481,37,163,,9
Kimberly-Clark Corporation,70-610-7772,5,91538 Del Sol Trail,Bakersfield,Missouri,MO,United States,5501306841,WHOLESALE & RETAIL TRADE,36047399,g.co,General Manager - IT & IRM,Male,www.linkedin.com/Dean,Dean,WILLIAMSON,493,28,117,,11
Kindred Healthcare Inc.,70-610-7773,5,91538 Del Sol Trail,Bakersfield,North Carolina,NC,United States,8367851448,Health & Community Services,36047400,g.co,Senior General Manager - IT,Male,www.linkedin.com/Aubert,Aubert,NEWTON,662,53,46,,17
KLA-Tencor Corporation,70-610-7774,5,91538 Del Sol Trail,Bakersfield,Maine,ME,United States,8710622317,Diversified,36047401,g.co,Senior Vice President & Head - Biologics,Female,www.linkedin.com/Feodora,Feodora,GREENE,552,40,133,,7
K-Mart Corp.,70-610-7775,5,91538 Del Sol Trail,Bakersfield,North Carolina,NC,United States,9063774765,Information & Media,36047402,g.co,Senior Network Engineer,Male,www.linkedin.com/Abe,Abe,SIMMONS,557,55,60,,12
Knight-Ridder Inc.,70-610-7776,5,91538 Del Sol Trail,Bakersfield,New York,NY,United States,3127316407,MINING,36047403,g.co,Design Engineer - engg - SEF,Female,www.linkedin.com/Julienne,Julienne,HALL,647,33,65,,14
Kohl's Corp.,70-610-7777,5,91538 Del Sol Trail,Bakersfield,Alaska,AK,United States,6209682724,Construction & Engineering Services,36047404,g.co,President - Project,Female,www.linkedin.com/Kizzie,Kizzie,RICHARDS,114,22,32,,16
KPMG Consulting Inc.,70-610-7778,5,91538 Del Sol Trail,Bakersfield,Nebraska,NE,United States,4424481651,Electrical & Electronics,36047405,g.co,Principal Specialist - Procument &,Male,www.linkedin.com/Connolly,Connolly,HARPER,837,26,166,,8
Kroger Co.,70-610-7779,5,91538 Del Sol Trail,Bakersfield,Utah,UT,United States,7907159472,Information & Media,36047406,g.co,Officer - Business Development,Male,www.linkedin.com/Jorge,Jorge,MORRISON,553,55,142,,8
L-3 Communications Holdings Inc.,70-610-7780,5,91538 Del Sol Trail,Bakersfield,Washington,WA,United States,1325655277,Electrical & Electronics,36047407,g.co,Engineer - Systems,Male,www.linkedin.com/Beaufort,Beaufort,BARKER,648,62,113,,13
Laboratory Corporation of America Holdings,70-610-7781,5,91538 Del Sol Trail,Bakersfield,Kansas,KS,United States,3935126668,Accommodation & Food Services,36047408,g.co,Systems Engineer Manager,Female,www.linkedin.com/Malissia,Malissia,GIBSON,952,66,111,,9
Lam Research Corporation,70-610-7782,5,91538 Del Sol Trail,Bakersfield,Guam,GU,United States,1257960479,IT Supplier,36047409,g.co,Senior Manager - Manufacturing,Female,www.linkedin.com/Trudy,Trudy,MARSHALL,962,43,95,,14
LandAmerica Financial Group Inc.,70-610-7783,5,91538 Del Sol Trail,Bakersfield,Texas,TX,United States,6617530541,"Real Estate, Rental & Leasing",36047410,g.co,Testing Engineer,Female,www.linkedin.com/Alfreda,Alfreda,PETERS,624,31,139,,16
Lands' End Inc.,70-610-7784,5,91538 Del Sol Trail,Bakersfield,Pennsylvania,PA,United States,8197918285,Education Services,36047411,g.co,Head - InfrastructureOperations,Male,www.linkedin.com/Domenic,Domenic,LANE,235,29,84,,13
